,Id,SalePrice
0,1461.0,331.5651550292969
1,1462.0,368.7359619140625
2,1463.0,411.3738708496094
3,1464.0,452.66680908203125
4,1465.0,440.8290100097656
5,1466.0,369.20269775390625
6,1467.0,497.3683166503906
7,1468.0,367.72705078125
8,1469.0,406.39239501953125
9,1470.0,374.9385986328125
10,1471.0,556.9417724609375
11,1472.0,44.22053527832031
12,1473.0,92.06916809082031
13,1474.0,246.45457458496094
14,1475.0,142.2218780517578
15,1476.0,636.1829833984375
16,1477.0,492.3261413574219
17,1478.0,571.5908203125
18,1479.0,522.7208862304688
19,1480.0,608.1563720703125
20,1481.0,592.1134643554688
21,1482.0,440.6102294921875
22,1483.0,375.40203857421875
23,1484.0,348.248779296875
24,1485.0,381.7698974609375
25,1486.0,460.0879211425781
26,1487.0,658.9598388671875
27,1488.0,510.8243408203125
28,1489.0,450.8482971191406
29,1490.0,883.96044921875
30,1491.0,412.811279296875
31,1492.0,81.62688446044922
32,1493.0,770.864501953125
33,1494.0,660.619873046875
34,1495.0,602.8583374023438
35,1496.0,726.6309814453125
36,1497.0,378.78765869140625
37,1498.0,374.05322265625
38,1499.0,396.0697937011719
39,1500.0,363.9208984375
40,1501.0,357.3064880371094
41,1502.0,370.3207702636719
42,1503.0,634.8165283203125
43,1504.0,553.0150146484375
44,1505.0,530.0152587890625
45,1506.0,339.56219482421875
46,1507.0,566.0145263671875
47,1508.0,489.55633544921875
48,1509.0,333.5216979980469
49,1510.0,262.28741455078125
50,1511.0,483.6299743652344
51,1512.0,580.5513916015625
52,1513.0,305.09405517578125
53,1514.0,851.5728759765625
54,1515.0,434.704345703125
55,1516.0,268.8052978515625
56,1517.0,461.28912353515625
57,1518.0,187.9324493408203
58,1519.0,558.3814697265625
59,1520.0,577.8907470703125
60,1521.0,396.53082275390625
61,1522.0,434.8061828613281
62,1523.0,143.1712188720703
63,1524.0,188.648193359375
64,1525.0,183.95236206054688
65,1526.0,183.88449096679688
66,1527.0,135.852783203125
67,1528.0,205.76393127441406
68,1529.0,655.3092041015625
69,1530.0,558.5055541992188
70,1531.0,134.79234313964844
71,1532.0,289.25860595703125
72,1533.0,1044.427978515625
73,1534.0,161.70216369628906
74,1535.0,361.2705078125
75,1536.0,113.0068359375
76,1537.0,46.306514739990234
77,1538.0,256.1258239746094
78,1539.0,449.9935302734375
79,1540.0,282.6280517578125
80,1541.0,299.59033203125
81,1542.0,283.9366760253906
82,1543.0,408.51824951171875
83,1544.0,75.26676940917969
84,1545.0,133.94338989257812
85,1546.0,199.01797485351562
86,1547.0,197.1818084716797
87,1548.0,190.67625427246094
88,1549.0,147.65042114257812
89,1550.0,203.33279418945312
90,1551.0,308.50799560546875
91,1552.0,245.1343994140625
92,1553.0,340.68707275390625
93,1554.0,160.4860076904297
94,1555.0,337.11761474609375
95,1556.0,74.17838287353516
96,1557.0,508.9909973144531
97,1558.0,135.04196166992188
98,1559.0,224.62168884277344
99,1560.0,230.1029510498047
100,1561.0,463.3485412597656
101,1562.0,544.7764892578125
102,1563.0,266.07794189453125
103,1564.0,707.269775390625
104,1565.0,308.81591796875
105,1566.0,663.6820068359375
106,1567.0,54.841068267822266
107,1568.0,540.9164428710938
108,1569.0,610.1565551757812
109,1570.0,397.03985595703125
110,1571.0,164.00885009765625
111,1572.0,387.9356689453125
112,1573.0,846.0960693359375
113,1574.0,214.524658203125
114,1575.0,799.40380859375
115,1576.0,587.59033203125
116,1577.0,419.4493103027344
117,1578.0,234.84719848632812
118,1579.0,421.7177734375
119,1580.0,497.1496887207031
120,1581.0,591.095458984375
121,1582.0,210.83164978027344
122,1583.0,931.0894775390625
123,1584.0,468.0610656738281
124,1585.0,326.58892822265625
125,1586.0,14.244461059570312
126,1587.0,115.08100891113281
127,1588.0,427.3891906738281
128,1589.0,148.90074157714844
129,1590.0,251.5334930419922
130,1591.0,112.85826873779297
131,1592.0,168.53744506835938
132,1593.0,205.5929412841797
133,1594.0,184.16725158691406
134,1595.0,232.18466186523438
135,1596.0,441.32659912109375
136,1597.0,348.046630859375
137,1598.0,435.04327392578125
138,1599.0,401.7489929199219
139,1600.0,369.3348388671875
140,1601.0,75.92642974853516
141,1602.0,210.5449981689453
142,1603.0,81.45137786865234
143,1604.0,787.89599609375
144,1605.0,566.9801025390625
145,1606.0,341.9754943847656
146,1607.0,286.7097473144531
147,1608.0,464.8587951660156
148,1609.0,373.44329833984375
149,1610.0,338.5672607421875
150,1611.0,234.76988220214844
151,1612.0,373.8887939453125
152,1613.0,404.63507080078125
153,1614.0,340.4512939453125
154,1615.0,94.07939147949219
155,1616.0,75.91767883300781
156,1617.0,123.79790496826172
157,1618.0,215.49072265625
158,1619.0,526.6340942382812
159,1620.0,292.6913757324219
160,1621.0,329.2182922363281
161,1622.0,258.7889709472656
162,1623.0,1025.2955322265625
163,1624.0,545.2021484375
164,1625.0,233.63978576660156
165,1626.0,384.8989562988281
166,1627.0,449.7898864746094
167,1628.0,620.9646606445312
168,1629.0,423.12542724609375
169,1630.0,991.7152099609375
170,1631.0,439.4022521972656
171,1632.0,491.6083679199219
172,1633.0,377.685546875
173,1634.0,459.87017822265625
174,1635.0,446.1061096191406
175,1636.0,292.38299560546875
176,1637.0,460.4973449707031
177,1638.0,433.7845458984375
178,1639.0,347.6509704589844
179,1640.0,589.3495483398438
180,1641.0,520.2653198242188
181,1642.0,576.8569946289062
182,1643.0,557.1729125976562
183,1644.0,577.3172607421875
184,1645.0,1091.8060302734375
185,1646.0,472.02423095703125
186,1647.0,362.7276611328125
187,1648.0,209.60009765625
188,1649.0,258.1023254394531
189,1650.0,191.8006134033203
190,1651.0,222.60011291503906
191,1652.0,103.9032211303711
192,1653.0,164.99766540527344
193,1654.0,219.71942138671875
194,1655.0,776.0469970703125
195,1656.0,238.02630615234375
196,1657.0,218.15928649902344
197,1658.0,244.27584838867188
198,1659.0,158.00169372558594
199,1660.0,436.9964904785156
200,1661.0,755.159912109375
201,1662.0,620.76318359375
202,1663.0,655.829345703125
203,1664.0,1133.2158203125
204,1665.0,580.363525390625
205,1666.0,886.726318359375
206,1667.0,550.1951904296875
207,1668.0,671.6502075195312
208,1669.0,677.75830078125
209,1670.0,729.08203125
210,1671.0,571.4700927734375
211,1672.0,1002.7559204101562
212,1673.0,562.8141479492188
213,1674.0,534.7647705078125
214,1675.0,483.311767578125
215,1676.0,507.32244873046875
216,1677.0,479.5219421386719
217,1678.0,994.127197265625
218,1679.0,798.0748291015625
219,1680.0,619.2501831054688
220,1681.0,507.46307373046875
221,1682.0,550.6030883789062
222,1683.0,357.1861572265625
223,1684.0,391.40142822265625
224,1685.0,428.17449951171875
225,1686.0,362.3112487792969
226,1687.0,414.63739013671875
227,1688.0,452.490478515625
228,1689.0,426.1374816894531
229,1690.0,499.7885437011719
230,1691.0,461.6231994628906
231,1692.0,592.2923583984375
232,1693.0,410.62823486328125
233,1694.0,458.3554382324219
234,1695.0,371.7100830078125
235,1696.0,607.9879760742188
236,1697.0,397.41851806640625
237,1698.0,654.6934204101562
238,1699.0,1370.7562255859375
239,1700.0,579.7939453125
240,1701.0,626.237060546875
241,1702.0,524.0130615234375
242,1703.0,515.301513671875
243,1704.0,781.0933837890625
244,1705.0,495.1624755859375
245,1706.0,1063.7725830078125
246,1707.0,452.70953369140625
247,1708.0,435.620361328125
248,1709.0,555.9451904296875
249,1710.0,518.6485595703125
250,1711.0,605.87890625
251,1712.0,502.9749755859375
252,1713.0,789.5776977539062
253,1714.0,766.5432739257812
254,1715.0,529.893310546875
255,1716.0,410.91552734375
256,1717.0,357.499755859375
257,1718.0,316.45880126953125
258,1719.0,439.83428955078125
259,1720.0,965.3429565429688
260,1721.0,370.9346923828125
261,1722.0,239.668701171875
262,1723.0,445.40155029296875
263,1724.0,478.5091247558594
264,1725.0,545.9332275390625
265,1726.0,456.4181213378906
266,1727.0,314.180908203125
267,1728.0,333.539306640625
268,1729.0,388.51617431640625
269,1730.0,347.7848815917969
270,1731.0,717.958251953125
271,1732.0,293.3206787109375
272,1733.0,308.5767822265625
273,1734.0,208.5460205078125
274,1735.0,254.1502685546875
275,1736.0,532.5260009765625
276,1737.0,1067.9306640625
277,1738.0,551.0208740234375
278,1739.0,417.6192932128906
279,1740.0,459.9430847167969
280,1741.0,538.866943359375
281,1742.0,352.8091125488281
282,1743.0,371.7853698730469
283,1744.0,873.1068115234375
284,1745.0,397.1510925292969
285,1746.0,480.45367431640625
286,1747.0,566.7742919921875
287,1748.0,502.08697509765625
288,1749.0,325.48370361328125
289,1750.0,397.21807861328125
290,1751.0,591.275634765625
291,1752.0,244.1785125732422
292,1753.0,217.49620056152344
293,1754.0,451.0802917480469
294,1755.0,512.972412109375
295,1756.0,292.98614501953125
296,1757.0,177.50621032714844
297,1758.0,409.3323059082031
298,1759.0,562.73095703125
299,1760.0,589.7504272460938
300,1761.0,457.748046875
301,1762.0,434.7597961425781
302,1763.0,324.75732421875
303,1764.0,171.009521484375
304,1765.0,464.5606384277344
305,1766.0,799.071533203125
306,1767.0,852.199951171875
307,1768.0,286.8064270019531
308,1769.0,327.8692932128906
309,1770.0,285.5370788574219
310,1771.0,275.089599609375
311,1772.0,420.25408935546875
312,1773.0,476.905029296875
313,1774.0,233.8455352783203
314,1775.0,203.7767333984375
315,1776.0,249.7865447998047
316,1777.0,240.76734924316406
317,1778.0,358.639404296875
318,1779.0,120.60868072509766
319,1780.0,397.47674560546875
320,1781.0,173.0853729248047
321,1782.0,90.71268463134766
322,1783.0,304.83404541015625
323,1784.0,91.71764373779297
324,1785.0,145.4621124267578
325,1786.0,167.72666931152344
326,1787.0,403.79620361328125
327,1788.0,31.339038848876953
328,1789.0,119.52820587158203
329,1790.0,45.463905334472656
330,1791.0,403.5596008300781
331,1792.0,303.35601806640625
332,1793.0,438.90838623046875
333,1794.0,327.8112487792969
334,1795.0,206.4993896484375
335,1796.0,207.08030700683594
336,1797.0,269.28692626953125
337,1798.0,135.6291046142578
338,1799.0,299.5871887207031
339,1800.0,296.75225830078125
340,1801.0,227.31947326660156
341,1802.0,239.70652770996094
342,1803.0,286.7672119140625
343,1804.0,447.52215576171875
344,1805.0,370.2398986816406
345,1806.0,165.4767303466797
346,1807.0,228.1827850341797
347,1808.0,156.9897918701172
348,1809.0,276.8011474609375
349,1810.0,283.3785400390625
350,1811.0,230.79623413085938
351,1812.0,249.72158813476562
352,1813.0,212.6396484375
353,1814.0,58.27312088012695
354,1815.0,10.890580177307129
355,1816.0,89.5250015258789
356,1817.0,179.2449188232422
357,1818.0,272.261474609375
358,1819.0,226.9144287109375
359,1820.0,36.98410415649414
360,1821.0,92.36664581298828
361,1822.0,301.4287414550781
362,1823.0,5.751746654510498
363,1824.0,159.4379119873047
364,1825.0,274.0521240234375
365,1826.0,77.19977569580078
366,1827.0,77.91075897216797
367,1828.0,205.26498413085938
368,1829.0,203.02464294433594
369,1830.0,232.38063049316406
370,1831.0,254.3753204345703
371,1832.0,105.95591735839844
372,1833.0,261.7956848144531
373,1834.0,288.2779235839844
374,1835.0,107.67362976074219
375,1836.0,168.39793395996094
376,1837.0,395.177490234375
377,1838.0,192.27212524414062
378,1839.0,146.88519287109375
379,1840.0,705.7200317382812
380,1841.0,477.8625793457031
381,1842.0,75.20571899414062
382,1843.0,289.0377197265625
383,1844.0,248.35299682617188
384,1845.0,191.9606170654297
385,1846.0,319.15533447265625
386,1847.0,304.3052673339844
387,1848.0,-0.13280238211154938
388,1849.0,110.70386505126953
389,1850.0,155.48681640625
390,1851.0,320.8038635253906
391,1852.0,161.53158569335938
392,1853.0,559.8395385742188
393,1854.0,545.9642333984375
394,1855.0,475.20782470703125
395,1856.0,474.9156494140625
396,1857.0,275.5299072265625
397,1858.0,233.78701782226562
398,1859.0,105.81521606445312
399,1860.0,520.4470825195312
400,1861.0,103.34129333496094
401,1862.0,634.5740966796875
402,1863.0,605.9786376953125
403,1864.0,606.8256225585938
404,1865.0,739.35546875
405,1866.0,670.9615478515625
406,1867.0,528.922607421875
407,1868.0,650.1680908203125
408,1869.0,600.9385375976562
409,1870.0,553.0624389648438
410,1871.0,516.1363525390625
411,1872.0,404.3056640625
412,1873.0,529.9906005859375
413,1874.0,400.7939453125
414,1875.0,545.1006469726562
415,1876.0,477.9705505371094
416,1877.0,717.0331420898438
417,1878.0,448.62933349609375
418,1879.0,249.22117614746094
419,1880.0,409.3338623046875
420,1881.0,679.4683837890625
421,1882.0,563.4547729492188
422,1883.0,444.267822265625
423,1884.0,475.4590759277344
424,1885.0,735.7808227539062
425,1886.0,708.6912231445312
426,1887.0,680.8562622070312
427,1888.0,972.8218383789062
428,1889.0,392.1269836425781
429,1890.0,235.6219024658203
430,1891.0,294.1492919921875
431,1892.0,295.502685546875
432,1893.0,393.7747802734375
433,1894.0,265.7937316894531
434,1895.0,216.61705017089844
435,1896.0,225.76393127441406
436,1897.0,206.11691284179688
437,1898.0,127.22615051269531
438,1899.0,221.8325653076172
439,1900.0,247.12744140625
440,1901.0,317.90399169921875
441,1902.0,324.50433349609375
442,1903.0,408.9097595214844
443,1904.0,680.3574829101562
444,1905.0,675.6173095703125
445,1906.0,535.3135986328125
446,1907.0,777.2684326171875
447,1908.0,116.51441192626953
448,1909.0,267.2106628417969
449,1910.0,186.26210021972656
450,1911.0,488.86322021484375
451,1912.0,875.029541015625
452,1913.0,296.4872131347656
453,1914.0,58.40433120727539
454,1915.0,812.592041015625
455,1916.0,7.468604564666748
456,1917.0,572.4111938476562
457,1918.0,300.4495544433594
458,1919.0,566.3734741210938
459,1920.0,291.425537109375
460,1921.0,941.5198974609375
461,1922.0,698.6244506835938
462,1923.0,586.0176391601562
463,1924.0,861.4913330078125
464,1925.0,461.00897216796875
465,1926.0,931.321533203125
466,1927.0,250.878173828125
467,1928.0,362.4988708496094
468,1929.0,356.8377685546875
469,1930.0,282.7382507324219
470,1931.0,439.4158935546875
471,1932.0,303.92913818359375
472,1933.0,465.68994140625
473,1934.0,465.92767333984375
474,1935.0,398.88055419921875
475,1936.0,463.52923583984375
476,1937.0,398.78070068359375
477,1938.0,355.2290954589844
478,1939.0,477.32196044921875
479,1940.0,416.3647155761719
480,1941.0,374.90338134765625
481,1942.0,431.4873352050781
482,1943.0,427.0751037597656
483,1944.0,611.00634765625
484,1945.0,779.4221801757812
485,1946.0,258.7330322265625
486,1947.0,610.0175170898438
487,1948.0,292.9573974609375
488,1949.0,671.1224365234375
489,1950.0,407.231201171875
490,1951.0,902.3767700195312
491,1952.0,906.910400390625
492,1953.0,533.6966552734375
493,1954.0,409.0382995605469
494,1955.0,254.13404846191406
495,1956.0,800.5542602539062
496,1957.0,270.9783630371094
497,1958.0,670.7457275390625
498,1959.0,277.58819580078125
499,1960.0,165.7571563720703
500,1961.0,535.4530639648438
501,1962.0,110.39391326904297
502,1963.0,79.08731842041016
503,1964.0,117.88522338867188
504,1965.0,259.798828125
505,1966.0,231.1516876220703
506,1967.0,576.1754150390625
507,1968.0,1455.28271484375
508,1969.0,675.506591796875
509,1970.0,617.68408203125
510,1971.0,733.6866455078125
511,1972.0,751.7328491210938
512,1973.0,577.631591796875
513,1974.0,676.0546875
514,1975.0,1270.0853271484375
515,1976.0,647.1744384765625
516,1977.0,640.1591796875
517,1978.0,629.9764404296875
518,1979.0,605.9953002929688
519,1980.0,378.39349365234375
520,1981.0,692.4651489257812
521,1982.0,506.5680847167969
522,1983.0,422.19366455078125
523,1984.0,317.0801696777344
524,1985.0,635.3289184570312
525,1986.0,607.8763427734375
526,1987.0,404.9661865234375
527,1988.0,408.4503479003906
528,1989.0,483.79180908203125
529,1990.0,508.7851867675781
530,1991.0,516.4347534179688
531,1992.0,533.3876953125
532,1993.0,431.25286865234375
533,1994.0,548.1368408203125
534,1995.0,422.0861511230469
535,1996.0,550.1092529296875
536,1997.0,592.8613891601562
537,1998.0,924.8349609375
538,1999.0,552.365234375
539,2000.0,650.02978515625
540,2001.0,472.3008117675781
541,2002.0,696.3275146484375
542,2003.0,565.3006591796875
543,2004.0,666.5738525390625
544,2005.0,490.8988342285156
545,2006.0,461.7601623535156
546,2007.0,518.16552734375
547,2008.0,504.5804443359375
548,2009.0,343.529541015625
549,2010.0,414.717041015625
550,2011.0,287.34930419921875
551,2012.0,357.873291015625
552,2013.0,449.2013854980469
553,2014.0,467.5807189941406
554,2015.0,438.5663146972656
555,2016.0,504.5509033203125
556,2017.0,444.4902038574219
557,2018.0,569.5244140625
558,2019.0,296.05889892578125
559,2020.0,311.0907897949219
560,2021.0,141.6909942626953
561,2022.0,329.63909912109375
562,2023.0,638.9039306640625
563,2024.0,662.9951782226562
564,2025.0,627.5362548828125
565,2026.0,407.67413330078125
566,2027.0,372.081298828125
567,2028.0,322.47088623046875
568,2029.0,316.692626953125
569,2030.0,554.4759521484375
570,2031.0,558.382080078125
571,2032.0,579.4443359375
572,2033.0,566.3755493164062
573,2034.0,359.702880859375
574,2035.0,542.24609375
575,2036.0,399.1900329589844
576,2037.0,411.1222229003906
577,2038.0,596.00244140625
578,2039.0,934.93896484375
579,2040.0,682.2601318359375
580,2041.0,994.3740844726562
581,2042.0,497.717041015625
582,2043.0,550.4459838867188
583,2044.0,320.4779052734375
584,2045.0,679.438232421875
585,2046.0,211.4873809814453
586,2047.0,329.4793395996094
587,2048.0,481.3163146972656
588,2049.0,195.2800750732422
589,2050.0,386.6406555175781
590,2051.0,77.10118103027344
591,2052.0,179.31495666503906
592,2053.0,290.3287048339844
593,2054.0,107.44457244873047
594,2055.0,285.2459716796875
595,2056.0,228.9578399658203
596,2057.0,160.092041015625
597,2058.0,494.338134765625
598,2059.0,254.16232299804688
599,2060.0,653.03955078125
600,2061.0,439.10968017578125
601,2062.0,324.3499450683594
602,2063.0,145.5186309814453
603,2064.0,389.9376525878906
604,2065.0,421.59906005859375
605,2066.0,363.00811767578125
606,2067.0,143.74295043945312
607,2068.0,210.58546447753906
608,2069.0,39.375179290771484
609,2070.0,102.81672668457031
610,2071.0,111.72349548339844
611,2072.0,329.2762451171875
612,2073.0,323.9052429199219
613,2074.0,425.9350280761719
614,2075.0,276.1260681152344
615,2076.0,160.44200134277344
616,2077.0,514.63525390625
617,2078.0,543.5938720703125
618,2079.0,231.15289306640625
619,2080.0,121.6961669921875
620,2081.0,205.0060272216797
621,2082.0,220.6695556640625
622,2083.0,324.19415283203125
623,2084.0,118.67202758789062
624,2085.0,139.96575927734375
625,2086.0,222.98080444335938
626,2087.0,192.667236328125
627,2088.0,113.84506225585938
628,2089.0,58.33871078491211
629,2090.0,186.7793731689453
630,2091.0,200.63009643554688
631,2092.0,245.7222442626953
632,2093.0,223.5610809326172
633,2094.0,165.60997009277344
634,2095.0,296.41455078125
635,2096.0,43.39352035522461
636,2097.0,120.02787017822266
637,2098.0,348.2102355957031
638,2099.0,26.30501365661621
639,2100.0,40.26289367675781
640,2101.0,141.7549591064453
641,2102.0,215.46487426757812
642,2103.0,69.6866226196289
643,2104.0,259.3602600097656
644,2105.0,239.03126525878906
645,2106.0,31.941804885864258
646,2107.0,454.2044372558594
647,2108.0,150.55389404296875
648,2109.0,137.0045623779297
649,2110.0,347.8876037597656
650,2111.0,253.82945251464844
651,2112.0,222.18060302734375
652,2113.0,205.16078186035156
653,2114.0,167.13253784179688
654,2115.0,324.3360290527344
655,2116.0,142.94247436523438
656,2117.0,299.27392578125
657,2118.0,174.0328826904297
658,2119.0,100.41124725341797
659,2120.0,204.99134826660156
660,2121.0,36.71239471435547
661,2122.0,123.8998794555664
662,2123.0,32.34566879272461
663,2124.0,307.98236083984375
664,2125.0,222.1099853515625
665,2126.0,333.9889221191406
666,2127.0,411.0488586425781
667,2128.0,130.16221618652344
668,2129.0,109.90904235839844
669,2130.0,186.7340850830078
670,2131.0,193.02035522460938
671,2132.0,138.47813415527344
672,2133.0,130.77679443359375
673,2134.0,136.5920867919922
674,2135.0,110.92754364013672
675,2136.0,138.90216064453125
676,2137.0,120.44892120361328
677,2138.0,334.00830078125
678,2139.0,297.31549072265625
679,2140.0,322.3663635253906
680,2141.0,319.798583984375
681,2142.0,210.77542114257812
682,2143.0,803.6690673828125
683,2144.0,423.97735595703125
684,2145.0,255.5157928466797
685,2146.0,353.5577392578125
686,2147.0,425.3677978515625
687,2148.0,264.6407165527344
688,2149.0,363.0149230957031
689,2150.0,405.7132568359375
690,2151.0,113.0994873046875
691,2152.0,720.1573486328125
692,2153.0,510.09619140625
693,2154.0,514.7539672851562
694,2155.0,299.3714599609375
695,2156.0,630.1392822265625
696,2157.0,628.114501953125
697,2158.0,548.773193359375
698,2159.0,497.98779296875
699,2160.0,425.74176025390625
700,2161.0,531.6702270507812
701,2162.0,1266.6944580078125
702,2163.0,733.86962890625
703,2164.0,576.0137939453125
704,2165.0,807.3812255859375
705,2166.0,371.8600769042969
706,2167.0,693.6498413085938
707,2168.0,506.4712829589844
708,2169.0,483.4253234863281
709,2170.0,481.1082763671875
710,2171.0,353.38079833984375
711,2172.0,276.2213439941406
712,2173.0,616.829345703125
713,2174.0,532.99609375
714,2175.0,659.3526611328125
715,2176.0,909.0303344726562
716,2177.0,551.1302490234375
717,2178.0,456.7560119628906
718,2179.0,319.3863525390625
719,2180.0,998.2520141601562
720,2181.0,373.14666748046875
721,2182.0,468.2254638671875
722,2183.0,423.6502685546875
723,2184.0,216.6812286376953
724,2185.0,259.63275146484375
725,2186.0,455.702880859375
726,2187.0,315.1160583496094
727,2188.0,384.87115478515625
728,2189.0,302.4211730957031
729,2190.0,18.56272315979004
730,2191.0,5.485426425933838
731,2192.0,341.1410827636719
732,2193.0,175.9250030517578
733,2194.0,55.516990661621094
734,2195.0,298.8512878417969
735,2196.0,115.74748992919922
736,2197.0,136.15159606933594
737,2198.0,192.23780822753906
738,2199.0,361.1853942871094
739,2200.0,281.4649963378906
740,2201.0,197.21656799316406
741,2202.0,391.27349853515625
742,2203.0,247.23715209960938
743,2204.0,408.8142395019531
744,2205.0,136.6836700439453
745,2206.0,264.5218200683594
746,2207.0,406.3833923339844
747,2208.0,586.7347412109375
748,2209.0,539.3052978515625
749,2210.0,168.2984619140625
750,2211.0,126.64972686767578
751,2212.0,141.7637939453125
752,2213.0,144.37881469726562
753,2214.0,308.02825927734375
754,2215.0,107.35575103759766
755,2216.0,287.8269348144531
756,2217.0,46.968467712402344
757,2218.0,77.5675048828125
758,2219.0,78.17964172363281
759,2220.0,95.70679473876953
760,2221.0,815.49609375
761,2222.0,838.3743896484375
762,2223.0,572.384765625
763,2224.0,503.3272399902344
764,2225.0,203.95840454101562
765,2226.0,572.7691650390625
766,2227.0,453.6165771484375
767,2228.0,680.125244140625
768,2229.0,592.2122802734375
769,2230.0,335.1783447265625
770,2231.0,498.8786315917969
771,2232.0,368.71160888671875
772,2233.0,567.1912841796875
773,2234.0,547.5255126953125
774,2235.0,679.3026123046875
775,2236.0,551.2117309570312
776,2237.0,762.777099609375
777,2238.0,739.468017578125
778,2239.0,249.60202026367188
779,2240.0,346.3123779296875
780,2241.0,698.7361450195312
781,2242.0,249.0426788330078
782,2243.0,254.70413208007812
783,2244.0,192.51815795898438
784,2245.0,160.1830596923828
785,2246.0,379.3074951171875
786,2247.0,109.22379302978516
787,2248.0,206.4822540283203
788,2249.0,222.83663940429688
789,2250.0,282.3546142578125
790,2251.0,170.98341369628906
791,2252.0,395.615966796875
792,2253.0,352.6861877441406
793,2254.0,426.9291076660156
794,2255.0,479.284912109375
795,2256.0,420.7618103027344
796,2257.0,425.3487243652344
797,2258.0,313.8608093261719
798,2259.0,388.4874267578125
799,2260.0,261.21728515625
800,2261.0,393.478759765625
801,2262.0,465.6057434082031
802,2263.0,675.4287109375
803,2264.0,706.5706176757812
804,2265.0,523.6085205078125
805,2266.0,589.5560302734375
806,2267.0,670.93994140625
807,2268.0,795.0247192382812
808,2269.0,283.27081298828125
809,2270.0,433.4802551269531
810,2271.0,798.0946044921875
811,2272.0,508.83892822265625
812,2273.0,356.9826354980469
813,2274.0,415.60723876953125
814,2275.0,383.52191162109375
815,2276.0,813.767578125
816,2277.0,458.9418029785156
817,2278.0,334.80157470703125
818,2279.0,537.6530151367188
819,2280.0,185.7526397705078
820,2281.0,400.3440246582031
821,2282.0,536.970703125
822,2283.0,110.3940658569336
823,2284.0,140.87890625
824,2285.0,210.66253662109375
825,2286.0,259.62347412109375
826,2287.0,709.1419067382812
827,2288.0,536.622802734375
828,2289.0,823.1593017578125
829,2290.0,756.8759155273438
830,2291.0,581.2348022460938
831,2292.0,907.0914306640625
832,2293.0,1008.061767578125
833,2294.0,684.5111083984375
834,2295.0,964.0464477539062
835,2296.0,584.9296264648438
836,2297.0,698.040771484375
837,2298.0,631.69384765625
838,2299.0,695.791748046875
839,2300.0,566.26416015625
840,2301.0,656.271240234375
841,2302.0,702.1581420898438
842,2303.0,459.96392822265625
843,2304.0,538.2986450195312
844,2305.0,491.3050842285156
845,2306.0,549.4376220703125
846,2307.0,483.4757995605469
847,2308.0,460.27496337890625
848,2309.0,572.56884765625
849,2310.0,438.248046875
850,2311.0,490.94012451171875
851,2312.0,398.7838134765625
852,2313.0,409.30169677734375
853,2314.0,395.46905517578125
854,2315.0,425.9311218261719
855,2316.0,455.5455017089844
856,2317.0,556.718994140625
857,2318.0,420.7611999511719
858,2319.0,397.90521240234375
859,2320.0,372.98358154296875
860,2321.0,621.9893188476562
861,2322.0,394.1532287597656
862,2323.0,435.1344909667969
863,2324.0,406.4693298339844
864,2325.0,455.0787353515625
865,2326.0,409.79876708984375
866,2327.0,472.0833435058594
867,2328.0,534.4349975585938
868,2329.0,478.236328125
869,2330.0,383.98858642578125
870,2331.0,690.2921752929688
871,2332.0,734.9705810546875
872,2333.0,653.8404541015625
873,2334.0,512.869873046875
874,2335.0,545.840576171875
875,2336.0,700.9310302734375
876,2337.0,436.9495849609375
877,2338.0,679.1275634765625
878,2339.0,443.26458740234375
879,2340.0,975.3214721679688
880,2341.0,424.79083251953125
881,2342.0,480.17724609375
882,2343.0,535.8037109375
883,2344.0,473.68896484375
884,2345.0,533.33544921875
885,2346.0,464.65301513671875
886,2347.0,432.25030517578125
887,2348.0,558.418701171875
888,2349.0,416.7656555175781
889,2350.0,668.910400390625
890,2351.0,531.60205078125
891,2352.0,528.4991455078125
892,2353.0,553.518798828125
893,2354.0,247.67214965820312
894,2355.0,319.5560302734375
895,2356.0,405.4261474609375
896,2357.0,417.2863464355469
897,2358.0,492.59771728515625
898,2359.0,244.80479431152344
899,2360.0,256.9271545410156
900,2361.0,321.07098388671875
901,2362.0,630.7908325195312
902,2363.0,341.0753173828125
903,2364.0,454.981201171875
904,2365.0,530.9703369140625
905,2366.0,403.1389465332031
906,2367.0,460.17962646484375
907,2368.0,487.8141174316406
908,2369.0,460.2270202636719
909,2370.0,336.41949462890625
910,2371.0,334.8296203613281
911,2372.0,431.396728515625
912,2373.0,672.8756103515625
913,2374.0,738.0533447265625
914,2375.0,1236.61669921875
915,2376.0,868.8267211914062
916,2377.0,1660.396240234375
917,2378.0,237.682861328125
918,2379.0,497.7782287597656
919,2380.0,474.09527587890625
920,2381.0,431.84649658203125
921,2382.0,465.3079528808594
922,2383.0,399.6371154785156
923,2384.0,545.9165649414062
924,2385.0,404.9206237792969
925,2386.0,495.7421875
926,2387.0,251.775146484375
927,2388.0,85.8726577758789
928,2389.0,320.717041015625
929,2390.0,380.5052795410156
930,2391.0,310.3802795410156
931,2392.0,123.43851470947266
932,2393.0,327.4794616699219
933,2394.0,195.0087127685547
934,2395.0,507.1810302734375
935,2396.0,527.5043334960938
936,2397.0,880.5240478515625
937,2398.0,222.6358642578125
938,2399.0,104.10308837890625
939,2400.0,23.436586380004883
940,2401.0,383.547607421875
941,2402.0,241.09153747558594
942,2403.0,244.645751953125
943,2404.0,330.2984619140625
944,2405.0,339.51397705078125
945,2406.0,342.11895751953125
946,2407.0,384.4265441894531
947,2408.0,262.8688659667969
948,2409.0,155.80374145507812
949,2410.0,526.6690063476562
950,2411.0,171.39222717285156
951,2412.0,284.94512939453125
952,2413.0,173.91297912597656
953,2414.0,247.36895751953125
954,2415.0,169.7002716064453
955,2416.0,191.3923797607422
956,2417.0,816.3862915039062
957,2418.0,583.8016357421875
958,2419.0,195.87318420410156
959,2420.0,328.89947509765625
960,2421.0,672.85498046875
961,2422.0,192.7841796875
962,2423.0,309.6807861328125
963,2424.0,314.08258056640625
964,2425.0,477.2039794921875
965,2426.0,451.41912841796875
966,2427.0,273.3831481933594
967,2428.0,330.5054016113281
968,2429.0,139.9153594970703
969,2430.0,385.1866149902344
970,2431.0,159.8972930908203
971,2432.0,259.00048828125
972,2433.0,346.16943359375
973,2434.0,284.0461730957031
974,2435.0,721.9586181640625
975,2436.0,72.0167007446289
976,2437.0,392.30645751953125
977,2438.0,211.3043212890625
978,2439.0,131.4568328857422
979,2440.0,154.3077850341797
980,2441.0,179.898681640625
981,2442.0,77.93560028076172
982,2443.0,158.54031372070312
983,2444.0,213.19715881347656
984,2445.0,277.0853271484375
985,2446.0,193.87510681152344
986,2447.0,470.079833984375
987,2448.0,178.2789306640625
988,2449.0,112.95800018310547
989,2450.0,312.31817626953125
990,2451.0,233.44293212890625
991,2452.0,470.1613464355469
992,2453.0,48.1137580871582
993,2454.0,151.58993530273438
994,2455.0,295.60260009765625
995,2456.0,328.51043701171875
996,2457.0,203.12152099609375
997,2458.0,204.25328063964844
998,2459.0,109.37532806396484
999,2460.0,229.0899658203125
1000,2461.0,151.92405700683594
1001,2462.0,195.90159606933594
1002,2463.0,152.3340606689453
1003,2464.0,334.93646240234375
1004,2465.0,224.8461456298828
1005,2466.0,114.31318664550781
1006,2467.0,317.38897705078125
1007,2468.0,30.630704879760742
1008,2469.0,30.38340187072754
1009,2470.0,450.0080871582031
1010,2471.0,459.8541259765625
1011,2472.0,356.06964111328125
1012,2473.0,253.85943603515625
1013,2474.0,69.03324127197266
1014,2475.0,467.1626892089844
1015,2476.0,181.1101531982422
1016,2477.0,307.7157897949219
1017,2478.0,311.1246643066406
1018,2479.0,370.74749755859375
1019,2480.0,651.8828735351562
1020,2481.0,680.1050415039062
1021,2482.0,274.0112609863281
1022,2483.0,288.8765869140625
1023,2484.0,453.6897277832031
1024,2485.0,463.4570617675781
1025,2486.0,733.150634765625
1026,2487.0,370.0756530761719
1027,2488.0,327.94671630859375
1028,2489.0,293.7610778808594
1029,2490.0,839.0264892578125
1030,2491.0,42.56483459472656
1031,2492.0,931.73046875
1032,2493.0,253.01824951171875
1033,2494.0,334.5489196777344
1034,2495.0,144.39842224121094
1035,2496.0,470.846435546875
1036,2497.0,270.00518798828125
1037,2498.0,149.16665649414062
1038,2499.0,55.6175422668457
1039,2500.0,671.2568969726562
1040,2501.0,224.78456115722656
1041,2502.0,416.8702087402344
1042,2503.0,84.06619262695312
1043,2504.0,495.3917236328125
1044,2505.0,532.3955078125
1045,2506.0,554.388427734375
1046,2507.0,496.672119140625
1047,2508.0,559.6143798828125
1048,2509.0,467.2863464355469
1049,2510.0,469.85675048828125
1050,2511.0,400.0821228027344
1051,2512.0,461.454345703125
1052,2513.0,594.3192138671875
1053,2514.0,851.3619384765625
1054,2515.0,353.4781188964844
1055,2516.0,420.70269775390625
1056,2517.0,284.06494140625
1057,2518.0,317.83172607421875
1058,2519.0,525.8610229492188
1059,2520.0,518.1445922851562
1060,2521.0,433.8806457519531
1061,2522.0,557.6878051757812
1062,2523.0,290.43353271484375
1063,2524.0,229.138671875
1064,2525.0,385.4951477050781
1065,2526.0,320.74188232421875
1066,2527.0,429.2194519042969
1067,2528.0,487.3885498046875
1068,2529.0,281.22552490234375
1069,2530.0,264.8213195800781
1070,2531.0,742.228515625
1071,2532.0,579.552490234375
1072,2533.0,427.54315185546875
1073,2534.0,731.5594482421875
1074,2535.0,646.9491577148438
1075,2536.0,577.21826171875
1076,2537.0,496.75457763671875
1077,2538.0,433.3101806640625
1078,2539.0,480.8554992675781
1079,2540.0,394.71966552734375
1080,2541.0,417.47332763671875
1081,2542.0,389.6319580078125
1082,2543.0,335.65618896484375
1083,2544.0,733.0426635742188
1084,2545.0,193.5130157470703
1085,2546.0,196.0405731201172
1086,2547.0,261.1362609863281
1087,2548.0,312.05389404296875
1088,2549.0,416.8552551269531
1089,2550.0,1482.7421875
1090,2551.0,316.7160949707031
1091,2552.0,689.2923583984375
1092,2553.0,4.216097354888916
1093,2554.0,106.4169692993164
1094,2555.0,299.41619873046875
1095,2556.0,145.2427520751953
1096,2557.0,188.29920959472656
1097,2558.0,230.96868896484375
1098,2559.0,136.7692108154297
1099,2560.0,219.75352478027344
1100,2561.0,194.16909790039062
1101,2562.0,144.2286834716797
1102,2563.0,232.32891845703125
1103,2564.0,288.5865783691406
1104,2565.0,178.11021423339844
1105,2566.0,294.5118408203125
1106,2567.0,211.48583984375
1107,2568.0,1068.6669921875
1108,2569.0,450.4591979980469
1109,2570.0,185.97438049316406
1110,2571.0,370.07086181640625
1111,2572.0,317.30950927734375
1112,2573.0,463.1212158203125
1113,2574.0,550.55078125
1114,2575.0,243.04147338867188
1115,2576.0,320.4208679199219
1116,2577.0,301.9688415527344
1117,2578.0,51.94831085205078
1118,2579.0,12.04239273071289
1119,2580.0,396.0086669921875
1120,2581.0,318.14068603515625
1121,2582.0,246.3626708984375
1122,2583.0,910.8207397460938
1123,2584.0,496.91680908203125
1124,2585.0,453.40765380859375
1125,2586.0,827.2406005859375
1126,2587.0,705.4379272460938
1127,2588.0,459.2161560058594
1128,2589.0,431.7132873535156
1129,2590.0,460.7638854980469
1130,2591.0,463.0780944824219
1131,2592.0,423.18499755859375
1132,2593.0,565.21337890625
1133,2594.0,353.33642578125
1134,2595.0,445.09466552734375
1135,2596.0,649.9669799804688
1136,2597.0,428.765869140625
1137,2598.0,604.7755737304688
1138,2599.0,634.60400390625
1139,2600.0,266.56146240234375
1140,2601.0,733.4339599609375
1141,2602.0,111.34536743164062
1142,2603.0,135.65237426757812
1143,2604.0,8.765913963317871
1144,2605.0,103.86773681640625
1145,2606.0,387.81793212890625
1146,2607.0,612.41162109375
1147,2608.0,566.5479125976562
1148,2609.0,457.01055908203125
1149,2610.0,389.5227355957031
1150,2611.0,240.16290283203125
1151,2612.0,524.4246215820312
1152,2613.0,253.72352600097656
1153,2614.0,223.46224975585938
1154,2615.0,716.1298828125
1155,2616.0,460.0132141113281
1156,2617.0,651.8544311523438
1157,2618.0,505.2354736328125
1158,2619.0,342.07257080078125
1159,2620.0,432.5697937011719
1160,2621.0,404.98126220703125
1161,2622.0,394.300537109375
1162,2623.0,550.2542114257812
1163,2624.0,605.4974365234375
1164,2625.0,496.21795654296875
1165,2626.0,454.1303405761719
1166,2627.0,283.68267822265625
1167,2628.0,752.880615234375
1168,2629.0,776.239990234375
1169,2630.0,635.591064453125
1170,2631.0,731.2125854492188
1171,2632.0,696.5277099609375
1172,2633.0,666.8762817382812
1173,2634.0,773.3682861328125
1174,2635.0,453.3714294433594
1175,2636.0,329.5158386230469
1176,2637.0,466.1319274902344
1177,2638.0,641.60009765625
1178,2639.0,464.50250244140625
1179,2640.0,277.64373779296875
1180,2641.0,441.8291015625
1181,2642.0,482.542236328125
1182,2643.0,105.15338897705078
1183,2644.0,190.71253967285156
1184,2645.0,146.386474609375
1185,2646.0,99.2808609008789
1186,2647.0,80.22237396240234
1187,2648.0,545.03173828125
1188,2649.0,297.34759521484375
1189,2650.0,467.5184631347656
1190,2651.0,242.21133422851562
1191,2652.0,760.3995971679688
1192,2653.0,510.56903076171875
1193,2654.0,471.4043273925781
1194,2655.0,918.7130126953125
1195,2656.0,620.206298828125
1196,2657.0,680.3834228515625
1197,2658.0,613.1663818359375
1198,2659.0,578.1832275390625
1199,2660.0,718.0006713867188
1200,2661.0,727.4280395507812
1201,2662.0,805.987548828125
1202,2663.0,619.2534790039062
1203,2664.0,534.9595336914062
1204,2665.0,689.4666748046875
1205,2666.0,534.81298828125
1206,2667.0,400.0454406738281
1207,2668.0,404.3408203125
1208,2669.0,369.2802734375
1209,2670.0,565.75341796875
1210,2671.0,409.9193115234375
1211,2672.0,437.7907409667969
1212,2673.0,568.0155639648438
1213,2674.0,571.3843383789062
1214,2675.0,328.685791015625
1215,2676.0,459.48431396484375
1216,2677.0,532.9498901367188
1217,2678.0,529.1798095703125
1218,2679.0,653.7437744140625
1219,2680.0,637.8094482421875
1220,2681.0,793.9920654296875
1221,2682.0,646.0531616210938
1222,2683.0,995.592041015625
1223,2684.0,675.9915771484375
1224,2685.0,644.97314453125
1225,2686.0,555.9020385742188
1226,2687.0,803.9110717773438
1227,2688.0,417.6410217285156
1228,2689.0,450.9962158203125
1229,2690.0,800.54443359375
1230,2691.0,470.6553649902344
1231,2692.0,322.03765869140625
1232,2693.0,436.7359924316406
1233,2694.0,251.65206909179688
1234,2695.0,437.09954833984375
1235,2696.0,422.81024169921875
1236,2697.0,461.7317199707031
1237,2698.0,458.3791809082031
1238,2699.0,471.7996826171875
1239,2700.0,320.97149658203125
1240,2701.0,424.5559997558594
1241,2702.0,164.52334594726562
1242,2703.0,178.05691528320312
1243,2704.0,329.6871643066406
1244,2705.0,211.1536865234375
1245,2706.0,189.46815490722656
1246,2707.0,203.0447998046875
1247,2708.0,283.35626220703125
1248,2709.0,411.043212890625
1249,2710.0,247.15135192871094
1250,2711.0,932.275634765625
1251,2712.0,746.4071655273438
1252,2713.0,427.35040283203125
1253,2714.0,340.0958251953125
1254,2715.0,357.6303405761719
1255,2716.0,372.29718017578125
1256,2717.0,461.04296875
1257,2718.0,484.16693115234375
1258,2719.0,384.1656494140625
1259,2720.0,461.16741943359375
1260,2721.0,356.2103271484375
1261,2722.0,427.0638122558594
1262,2723.0,364.9320983886719
1263,2724.0,291.6271667480469
1264,2725.0,277.9898986816406
1265,2726.0,647.641845703125
1266,2727.0,638.1954345703125
1267,2728.0,769.2833862304688
1268,2729.0,307.1778259277344
1269,2730.0,275.1898193359375
1270,2731.0,207.26622009277344
1271,2732.0,163.34072875976562
1272,2733.0,360.7671813964844
1273,2734.0,264.7710876464844
1274,2735.0,452.4904479980469
1275,2736.0,226.3436279296875
1276,2737.0,146.94520568847656
1277,2738.0,220.8404083251953
1278,2739.0,478.6095275878906
1279,2740.0,194.31224060058594
1280,2741.0,266.0406188964844
1281,2742.0,311.35546875
1282,2743.0,627.7976684570312
1283,2744.0,371.3556823730469
1284,2745.0,341.4951171875
1285,2746.0,242.3618621826172
1286,2747.0,211.76502990722656
1287,2748.0,152.39967346191406
1288,2749.0,323.7316589355469
1289,2750.0,814.770751953125
1290,2751.0,333.332763671875
1291,2752.0,393.59210205078125
1292,2753.0,384.8509216308594
1293,2754.0,365.0260925292969
1294,2755.0,203.10426330566406
1295,2756.0,125.60194396972656
1296,2757.0,84.31918334960938
1297,2758.0,81.31295013427734
1298,2759.0,297.63995361328125
1299,2760.0,160.32740783691406
1300,2761.0,221.73838806152344
1301,2762.0,267.0962829589844
1302,2763.0,409.7177734375
1303,2764.0,210.2901153564453
1304,2765.0,580.4268798828125
1305,2766.0,241.90773010253906
1306,2767.0,40.76107406616211
1307,2768.0,210.38604736328125
1308,2769.0,348.2286376953125
1309,2770.0,367.1955261230469
1310,2771.0,170.64288330078125
1311,2772.0,375.73394775390625
1312,2773.0,387.0360412597656
1313,2774.0,196.0889434814453
1314,2775.0,166.62905883789062
1315,2776.0,231.74595642089844
1316,2777.0,234.04881286621094
1317,2778.0,72.11991119384766
1318,2779.0,204.267822265625
1319,2780.0,66.20093536376953
1320,2781.0,61.01552200317383
1321,2782.0,97.6060562133789
1322,2783.0,151.44219970703125
1323,2784.0,169.88706970214844
1324,2785.0,201.66384887695312
1325,2786.0,60.53877639770508
1326,2787.0,164.8323516845703
1327,2788.0,39.405818939208984
1328,2789.0,260.6695861816406
1329,2790.0,170.71495056152344
1330,2791.0,162.71092224121094
1331,2792.0,63.49687576293945
1332,2793.0,350.1806640625
1333,2794.0,104.06949615478516
1334,2795.0,162.49339294433594
1335,2796.0,104.79190063476562
1336,2797.0,476.7315368652344
1337,2798.0,142.1868133544922
1338,2799.0,228.11778259277344
1339,2800.0,57.20157241821289
1340,2801.0,100.84966278076172
1341,2802.0,187.88107299804688
1342,2803.0,234.6995391845703
1343,2804.0,180.43605041503906
1344,2805.0,59.4859619140625
1345,2806.0,60.08065414428711
1346,2807.0,585.002197265625
1347,2808.0,311.747314453125
1348,2809.0,244.94862365722656
1349,2810.0,269.8873596191406
1350,2811.0,851.2998657226562
1351,2812.0,472.7442626953125
1352,2813.0,267.6828918457031
1353,2814.0,241.3744659423828
1354,2815.0,110.00450897216797
1355,2816.0,1134.6881103515625
1356,2817.0,697.4573974609375
1357,2818.0,424.07086181640625
1358,2819.0,330.9458312988281
1359,2820.0,376.915283203125
1360,2821.0,117.89798736572266
1361,2822.0,410.1305236816406
1362,2823.0,592.108642578125
1363,2824.0,939.2265014648438
1364,2825.0,248.2222900390625
1365,2826.0,192.7013702392578
1366,2827.0,220.03114318847656
1367,2828.0,498.5447692871094
1368,2829.0,997.5992431640625
1369,2830.0,498.061279296875
1370,2831.0,443.5223083496094
1371,2832.0,915.8333129882812
1372,2833.0,659.7298583984375
1373,2834.0,476.1669921875
1374,2835.0,453.4156188964844
1375,2836.0,469.8316955566406
1376,2837.0,408.59051513671875
1377,2838.0,285.84381103515625
1378,2839.0,365.2690734863281
1379,2840.0,501.77947998046875
1380,2841.0,482.0562438964844
1381,2842.0,526.1741333007812
1382,2843.0,305.35595703125
1383,2844.0,655.9988403320312
1384,2845.0,209.2540283203125
1385,2846.0,520.998779296875
1386,2847.0,498.2744140625
1387,2848.0,496.12408447265625
1388,2849.0,456.33416748046875
1389,2850.0,621.656494140625
1390,2851.0,541.5474243164062
1391,2852.0,543.4794921875
1392,2853.0,525.9199829101562
1393,2854.0,321.4405212402344
1394,2855.0,586.426025390625
1395,2856.0,479.5367736816406
1396,2857.0,440.6728210449219
1397,2858.0,586.2892456054688
1398,2859.0,206.4402618408203
1399,2860.0,460.0953369140625
1400,2861.0,363.98089599609375
1401,2862.0,453.7421875
1402,2863.0,589.1995239257812
1403,2864.0,601.8905029296875
1404,2865.0,304.3712158203125
1405,2866.0,255.72250366210938
1406,2867.0,106.81016540527344
1407,2868.0,101.80403137207031
1408,2869.0,104.9178237915039
1409,2870.0,340.59027099609375
1410,2871.0,80.98565673828125
1411,2872.0,16.656213760375977
1412,2873.0,106.24583435058594
1413,2874.0,338.80059814453125
1414,2875.0,218.6927490234375
1415,2876.0,377.0037841796875
1416,2877.0,200.49266052246094
1417,2878.0,226.29278564453125
1418,2879.0,245.84375
1419,2880.0,128.68341064453125
1420,2881.0,221.20265197753906
1421,2882.0,323.7751770019531
1422,2883.0,341.80584716796875
1423,2884.0,396.8402404785156
1424,2885.0,359.70928955078125
1425,2886.0,493.1156005859375
1426,2887.0,98.99759674072266
1427,2888.0,200.27688598632812
1428,2889.0,17.267711639404297
1429,2890.0,52.92433166503906
1430,2891.0,235.16824340820312
1431,2892.0,22.7338809967041
1432,2893.0,138.5984344482422
1433,2894.0,66.22029876708984
1434,2895.0,940.436279296875
1435,2896.0,880.0205078125
1436,2897.0,448.7642822265625
1437,2898.0,254.9524383544922
1438,2899.0,401.6972961425781
1439,2900.0,278.6633605957031
1440,2901.0,599.1337890625
1441,2902.0,744.867431640625
1442,2903.0,826.1192626953125
1443,2904.0,722.7998046875
1444,2905.0,115.4987564086914
1445,2906.0,688.2579345703125
1446,2907.0,187.5106964111328
1447,2908.0,253.22242736816406
1448,2909.0,325.33343505859375
1449,2910.0,212.85255432128906
1450,2911.0,102.4057846069336
1451,2912.0,420.38079833984375
1452,2913.0,103.03601837158203
1453,2914.0,67.24803924560547
1454,2915.0,107.12358856201172
1455,2916.0,89.23758697509766
1456,2917.0,550.6875
1457,2918.0,243.2697296142578
1458,2919.0,550.9198608398438
